{"EI-reg:joy": {"bow": {"dev": {"pearson": 0.5420445542144655}, "gold": {"pearson": 0.5716233703095309}}, "nbow_word2vec_300_6_concatened": {"dev": {"pearson": 0.6016697194611801}, "gold": {"pearson": 0.6383907229411451}}}, "EI-reg:sadness": {"bow": {"dev": {"pearson": 0.4635157365777679}, "gold": {"pearson": 0.4720592577935752}}, "nbow_word2vec_300_6_concatened": {"dev": {"pearson": 0.6191373633370265}, "gold": {"pearson": 0.6341230187008732}}}, "EI-reg:fear": {"bow": {"dev": {"pearson": 0.49773152857035663}, "gold": {"pearson": 0.5226880352766881}}, "nbow_word2vec_300_6_concatened": {"dev": {"pearson": 0.6579416405150312}, "gold": {"pearson": 0.6358865561882426}}}, "EI-reg:anger": {"bow": {"dev": {"pearson": 0.47726582726756905}, "gold": {"pearson": 0.5249002078884211}}, "nbow_word2vec_300_6_concatened": {"dev": {"pearson": 0.6330440755136765}, "gold": {"pearson": 0.6560462241079205}}}, "EI-oc:joy": {"bow": {"dev": {"pearson": 0.4598603357823973}, "gold": {"pearson": 0.4455768903330581}}, "nbow_word2vec_300_6_concatened": {"dev": {"pearson": 0.47964836345841677}, "gold": {"pearson": 0.4802732144388315}}}, "EI-oc:sadness": {"bow": {"dev": {"pearson": 0.42618621519779265}, "gold": {"pearson": 0.38352815615887537}}, "nbow_word2vec_300_6_concatened": {"dev": {"pearson": 0.4820603673055521}, "gold": {"pearson": 0.5005231687308516}}}, "EI-oc:fear": {"bow": {"dev": {"pearson": 0.2555961021490585}, "gold": {"pearson": 0.34914876478198176}}, "nbow_word2vec_300_6_concatened": {"dev": {"pearson": 0.3780575091292747}, "gold": {"pearson": 0.3905663437644096}}}, "EI-oc:anger": {"bow": {"dev": {"pearson": 0.38949293026575327}, "gold": {"pearson": 0.3996057775807789}}, "nbow_word2vec_300_6_concatened": {"dev": {"pearson": 0.5357099397860557}, "gold": {"pearson": 0.5367283356201643}}}, "V-reg": {"bow": {"dev": {"pearson": 0.5068343395359028}, "gold": {"pearson": 0.5962698903375572}}, "nbow_word2vec_300_6_concatened": {"dev": {"pearson": 0.6969918679484283}, "gold": {"pearson": 0.7457205568236929}}}, "V-oc": {"bow": {"dev": {"pearson": 0.4148042188831461}, "gold": {"pearson": 0.49537731719568684}}, "nbow_word2vec_300_6_concatened": {"dev": {"pearson": 0.5958835998719605}, "gold": {"pearson": 0.6577723118092917}}}, "E-c": {"bow": {"dev": {"jaccard": 0.4484292701279158, "f1-macro": 0.5041070556823315, "f1-micro": 0.5780346820809248}, "gold": {"jaccard": 0.4572495214716756, "f1-macro": 0.5076461871273474, "f1-micro": 0.5875440658049353}}, "nbow_word2vec_300_6_concatened": {"dev": {"jaccard": 0.4424477767028557, "f1-macro": 0.513966592216364, "f1-micro": 0.5825313237697476}, "gold": {"jaccard": 0.44781021542298005, "f1-macro": 0.521483404359458, "f1-micro": 0.5872891329933307}}}}