{"EI-oc:joy": {"nbow_word2vec_300_6_concatened": {"dev": {"pearson": 0.5606693691496961}, "gold": {"pearson": 0.585444045663568}}}, "EI-oc:sadness": {"nbow_word2vec_300_6_concatened": {"dev": {"pearson": 0.5587359142315087}, "gold": {"pearson": 0.5475030194946667}}}, "EI-oc:fear": {"nbow_word2vec_300_6_concatened": {"dev": {"pearson": 0.4817073202772064}, "gold": {"pearson": 0.46433352629675784}}}, "EI-oc:anger": {"nbow_word2vec_300_6_concatened": {"dev": {"pearson": 0.5627159405046982}, "gold": {"pearson": 0.5818195955955914}}}}